{
  "navigationBarTitleText": "仓库管理",
  "enablePullDownRefresh": false,
  "navigationBarBackgroundColor": "#FE8702",
  "navigationBarTextStyle": "white",
  "usingComponents": {
    "u-sticky": "/uview-ui/components/u-sticky/u-sticky",
    "u-icon": "/uview-ui/components/u-icon/u-icon",
    "inventory-list": "/components/inventory-list/inventory-list",
    "u-loadmore": "/uview-ui/components/u-loadmore/u-loadmore",
    "u-mask": "/uview-ui/components/u-mask/u-mask",
    "u-toast": "/uview-ui/components/u-toast/u-toast",
    "u-calendar": "/uview-ui/components/u-calendar/u-calendar"
  }
}