{
  "navigationBarTitleText": "商品详情",
  "enablePullDownRefresh": false,
  "navigationBarBackgroundColor": "#FE8702",
  "navigationBarTextStyle": "white",
  "usingComponents": {
    "u-image": "/uview-ui/components/u-image/u-image",
    "u-gap": "/uview-ui/components/u-gap/u-gap",
    "u-tag": "/uview-ui/components/u-tag/u-tag",
    "u-cell-group": "/uview-ui/components/u-cell-group/u-cell-group",
    "u-cell-item": "/uview-ui/components/u-cell-item/u-cell-item",
    "u-popup": "/uview-ui/components/u-popup/u-popup",
    "u-number-box": "/uview-ui/components/u-number-box/u-number-box",
    "u-button": "/uview-ui/components/u-button/u-button",
    "u-toast": "/uview-ui/components/u-toast/u-toast",
    "u-modal": "/uview-ui/components/u-modal/u-modal",
    "u-calendar": "/uview-ui/components/u-calendar/u-calendar",
    "u-icon": "/uview-ui/components/u-icon/u-icon"
  }
}