{
  "navigationBarTitleText": "角色管理",
  "enablePullDownRefresh": false,
  "navigationBarBackgroundColor": "#FE8702",
  "navigationBarTextStyle": "white",
  "onReachBottomDistance": 50,
  "usingComponents": {
    "inventory-list": "/components/inventory-list/inventory-list",
    "u-button": "/uview-ui/components/u-button/u-button",
    "u-loadmore": "/uview-ui/components/u-loadmore/u-loadmore",
    "u-mask": "/uview-ui/components/u-mask/u-mask",
    "u-toast": "/uview-ui/components/u-toast/u-toast"
  }
}