{
  "navigationBarTitleText": "选择商品",
  "enablePullDownRefresh": false,
  "navigationBarBackgroundColor": "#FE8702",
  "navigationBarTextStyle": "white",
  "usingComponents": {
    "u-search": "/uview-ui/components/u-search/u-search",
    "u-image": "/uview-ui/components/u-image/u-image",
    "u-popup": "/uview-ui/components/u-popup/u-popup",
    "card": "/components/card/card",
    "u-row": "/uview-ui/components/u-row/u-row",
    "u-col": "/uview-ui/components/u-col/u-col",
    "u-icon": "/uview-ui/components/u-icon/u-icon",
    "u-line": "/uview-ui/components/u-line/u-line",
    "form-list": "/components/form-list/form-list",
    "good-list": "/components/good-list/good-list",
    "u-toast": "/uview-ui/components/u-toast/u-toast",
    "u-mask": "/uview-ui/components/u-mask/u-mask",
    "u-loadmore": "/uview-ui/components/u-loadmore/u-loadmore"
  }
}