{
  "navigationBarTitleText": "销售开单",
  "enablePullDownRefresh": false,
  "navigationBarBackgroundColor": "#FE8702",
  "navigationBarTextStyle": "white",
  "usingComponents": {
    "u-cell-group": "/uview-ui/components/u-cell-group/u-cell-group",
    "u-cell-item": "/uview-ui/components/u-cell-item/u-cell-item",
    "u-upload": "/uview-ui/components/u-upload/u-upload",
    "u-icon": "/uview-ui/components/u-icon/u-icon",
    "u-image": "/uview-ui/components/u-image/u-image",
    "u-input": "/uview-ui/components/u-input/u-input",
    "u-number-box": "/uview-ui/components/u-number-box/u-number-box",
    "u-gap": "/uview-ui/components/u-gap/u-gap",
    "u-toast": "/uview-ui/components/u-toast/u-toast",
    "u-select": "/uview-ui/components/u-select/u-select",
    "u-calendar": "/uview-ui/components/u-calendar/u-calendar"
  }
}