{
  "navigationBarTitleText": "员工管理",
  "enablePullDownRefresh": false,
  "navigationBarBackgroundColor": "#FE8702",
  "navigationBarTextStyle": "white",
  "onReachBottomDistance": 50,
  "usingComponents": {
    "u-sticky": "/uview-ui/components/u-sticky/u-sticky",
    "u-icon": "/uview-ui/components/u-icon/u-icon",
    "inventory-list": "/components/inventory-list/inventory-list",
    "u-button": "/uview-ui/components/u-button/u-button",
    "u-loadmore": "/uview-ui/components/u-loadmore/u-loadmore",
    "u-mask": "/uview-ui/components/u-mask/u-mask",
    "u-calendar": "/uview-ui/components/u-calendar/u-calendar",
    "u-toast": "/uview-ui/components/u-toast/u-toast"
  }
}