{
  "navigationBarTitleText": "登记入驻",
  "enablePullDownRefresh": false,
  "navigationBarBackgroundColor": "#FE8702",
  "navigationBarTextStyle": "white",
  "usingComponents": {
    "u-form": "/uview-ui/components/u-form/u-form",
    "u-form-item": "/uview-ui/components/u-form-item/u-form-item",
    "u-upload": "/uview-ui/components/u-upload/u-upload",
    "u-input": "/uview-ui/components/u-input/u-input",
    "u-radio-group": "/uview-ui/components/u-radio-group/u-radio-group",
    "u-radio": "/uview-ui/components/u-radio/u-radio",
    "u-button": "/uview-ui/components/u-button/u-button",
    "u-toast": "/uview-ui/components/u-toast/u-toast",
    "u-action-sheet": "/uview-ui/components/u-action-sheet/u-action-sheet",
    "u-select": "/uview-ui/components/u-select/u-select",
    "u-picker": "/uview-ui/components/u-picker/u-picker"
  }
}