{
  "navigationBarTitleText": "库存盘点",
  "enablePullDownRefresh": false,
  "navigationBarBackgroundColor": "#FE8702",
  "navigationBarTextStyle": "white",
  "onReachBottomDistance": 50,
  "usingComponents": {
    "u-sticky": "/uview-ui/components/u-sticky/u-sticky",
    "u-gap": "/uview-ui/components/u-gap/u-gap",
    "u-image": "/uview-ui/components/u-image/u-image",
    "u-tag": "/uview-ui/components/u-tag/u-tag",
    "u-button": "/uview-ui/components/u-button/u-button",
    "u-modal": "/uview-ui/components/u-modal/u-modal",
    "u-input": "/uview-ui/components/u-input/u-input",
    "u-toast": "/uview-ui/components/u-toast/u-toast",
    "u-loadmore": "/uview-ui/components/u-loadmore/u-loadmore",
    "u-mask": "/uview-ui/components/u-mask/u-mask",
    "good-list": "/components/good-list/good-list"
  }
}