{
  "description": "项目配置文件。",
  "packOptions": {
    "ignore": []
  },
  "setting": {
    "urlCheck": true,
    "minified": true,
    "es6": true,
    "checkSiteMap": false
  },
  "compileType": "miniprogram",
  "libVersion": "",
  "appid": "wx6e19e615bf2433a5",
  "projectname": "uView-demo",
  "condition": {
    "search": {
      "current": -1,
      "list": []
    },
    "conversation": {
      "current": -1,
      "list": []
    },
    "game": {
      "current": -1,
      "list": []
    },
    "miniprogram": {
      "current": -1,
      "list": []
    }
  }
}